Name,Email,Wallet address,Onboarded,Deposit (USDC),Deposit tx,Rate your product (1-5),Product feedback
GAM6KH…46JD6D,,GAM6KHUZMJRK3SQIOGAGRHKUT6O6YH4C4GB47CYYD6OOMZMRP646JD6D,2026-08-31,2.000,e6f7e2aaf4a5b5dc7d4e7202ab99aba1c962631fd76ef22fee3d779b582ecd10,,
GBNQJI…4CNI5F,,GBNQJIW33E4ITQS7W3BLQM5ZZUEXPCS2Z7UPMJ3LQLII6I24NE4CNI5F,2026-08-31,2.000,63f3f44216440983e408929d520c09947fabcc5004e3ab1b897f5ca0c5271133,,
GAB5XG…Y23SDN,,GAB5XGXGTTV3CIWRVTNRKQGYYTYRPUEINFWVQEAQC7UO3KCAGRY23SDN,2026-08-31,2.000,60abb836e9dfede99ef837f4013f299a70a6b985dcbe89f3ef8f88343c2de18d,,
GBD6QT…P7EH2D,,GBD6QTZSXACN6PKTJOJHCR7M2DNCXWUJZRWNCIT5SI4D4PB7PUP7EH2D,2026-08-31,2.000,49bc75985de2255051cbc79117d606b306bd240f02e43ce3e5a2ba87ff7e4524,,
GAHOKP…GBDHM5,,GAHOKPNDUTZVJB3UD2GKMS7V5U743GJTH6JYMFM3EOOBNEJ7AVGBDHM5,2026-08-31,2.000,9c593646d1f1e48648704c1e8c917a3bdc03349ce66340cfae883772fc888361,,
GD7QLH…JLUBYF,,GD7QLHGPKYPSKICQPYMS3UUQDEHIV5KTPBY5UGHYUACVA3DBJRJLUBYF,2026-08-31,2.000,aeb6623d91d82a423f357a322b30b6e9bd49da88da1f3c958779b2dd2809556f,,
GDPNIF…EOAJBZ,,GDPNIFKEPFERZQVGN5PN5IBHWJMTWVMWS7DVUECMJN7XU5GCAPEOAJBZ,2026-08-31,2.000,57b219625709cd090cac293c137f243771e67de2c37450f428bbf029a821d2d4,,
GAR5OY…2OAEXV,,GAR5OY5XMLBVIQIKOFKIHAIL2YQHOKS5QQ32GGTLWJAPNOOFW62OAEXV,2026-08-31,2.000,8419a2059eb48f04cadccb40a556fa1ba559634884108d8e1f11aa157f2a363e,,
GD6VQN…NCETBX,,GD6VQNPJPVTI4JDXP3F2AY6TNFPJNYMVEMQORVWSRWJSQ2IY7ONCETBX,2026-08-31,2.000,2493f7d9f7129bca1d2afbbcca279508c61436aa47129e5291645333bee8052c,,
GAOIO5…SWDI2Y,,GAOIO5SFSFXLPNBQQLIBFHGHOYOX62EOSNE5Z4SR5SFVIRSM7RSWDI2Y,2026-08-31,2.000,401f14c35c15f4959561bef7393b0e4713843a2a77e7eae28b99fbf868a59304,,
GCKNGS…AE5AQZ,,GCKNGS2JE62BAV4P3PHVI4GG5IXPRXKGDPWBAUX5F53E6H5RM3AE5AQZ,2026-08-31,2.000,0677b07d4848290858b950926c23352a3b10f3fcc8d56037e9cc84bd60ba937a,,
GDG27P…VBXCRE,,GDG27PAQ6JW66GYTRGE2D23AXCOL5IGQIHIKDKCECCDK6U2K45VBXCRE,2026-08-31,2.000,c0098693aa5cef76871afd56f4b33fa209b1d9949c605d936ce77921467773a0,,
GAFVD2…XABGJJ,,GAFVD2MGDPCH77KY2NQHSIUV24O46SXM2FKCWX6G4NUGTQUUQWXABGJJ,2026-08-31,2.000,24b7e079edc45a0c8b8da11560e4f5fa9f458f381056cd18e1b6c48f212249d2,,
GDJBSA…MXNLKW,,GDJBSAX22WW5BEUG6V2JSJWE2IMEGULQAWLYRYH3E6JAYA43WTMXNLKW,2026-08-31,2.000,5970f574c5daae184323aa27d22dbd38aeb4eeecce816c4ae1234ccfaec91926,,
GD2VS2…37TIRI,,GD2VS2WERI6X7IAKU6CHD4DCOBIJI5JV3I5PIHIAGL2UU2K4LG37TIRI,2026-08-31,2.000,8213b43c66dd342feb42a1f0942c6f9adf289b4bb8c575d50fbaaf1250682a2a,,
GCRPUJ…5IN3ZH,,GCRPUJENUGZXO3MBLIBYIGAPMQYNIG5CWRHAVBP5Q7UZ6CFGZN5IN3ZH,2026-08-31,2.000,a4f6acf0c5be02cac8b6e5acf72bf9106e5ef568c994f20e4593e5998b20c33e,,
GCSDFE…BPRCZK,,GCSDFE7MSJZOGRQYYRTED7IAABHFQ37S7Y2SQWQKHWSGUSEYULBPRCZK,2026-08-31,2.000,bf6662d1f0df7422642d185b4bcf8eb85ef81f610136253fe4f2a839962fd066,,
GD6KE3…X6ZHM4,,GD6KE3U4DIH6YHMEKTSNFAUTEAA2MOGL3FLSCDYPXPNYGM4IBSX6ZHM4,2026-08-31,2.000,cb727299e4e3631259aabf65528191dd65b47b08bae77ff5dca9ac3e2d3d7e19,,
GBMSMM…KVO4ST,,GBMSMMUWE3T45ZPGMX2G2TAOR3QE5RZQ6WH5GSMVW3SOVCJLHIKVO4ST,2026-08-31,2.000,516f9f724e65d4eb2bd3c5aa123e151cb6baece5f567a5c5a3d606a0a4643dbf,,
GCP3HM…LX65QN,,GCP3HMXQBHXCIXAHLFVEMAA7FJWEVGCQ4ICTHX6HE3BEFIGBD4LX65QN,2026-08-31,2.000,455e31b157b2d8c06a50aaf05cc4062442e6d4acacb537927343a17718982859,,
GB7CM4…O4E4BK,,GB7CM436YYJ4LIMF7Q2BIZ4TZ4SFPBK55S2GZRUCXZSQ6M5EMEO4E4BK,2026-08-31,2.000,43b78c1064771876ed0a72f23eaad0fc17e064ac8d583b2d8511bd7b9061f387,,
GACTJE…RCR7OW,,GACTJEEU2JWQQSEGBSTB6PYWFAPGS3WGNKG4UHF2OIHBEMN6EQRCR7OW,2026-08-31,2.000,f69019b79a2408d167c61989acbd285e110e621e3f2cb1488bac036689e146a5,,
GBH37I…MJS5NH,,GBH37IV5ZS57BUXGKNXM53F32LW3AQ5TJZF4A5ZPMDN3LB6OHSMJS5NH,2026-08-31,2.000,eb2a6f7717897b22c5150be073c9646cc2778a2681bb7528452abc78efe91a22,,
GA6SN3…DAKUEO,,GA6SN3CUEXNHFU7YHM6RZDIKVG4XQYNVWM5KSTYPS3SVP7SMXPDAKUEO,2026-08-31,2.000,544581cf0a7d230a28a47beeb34f12bbcad10dd59889643f9ca8778d9c1db2bc,,
GA2H7H…Q5X64G,,GA2H7HMSY3KAOHG3IF3TKMTSUCBRW4RYK5VSFVLTMXV6FQPJHSQ5X64G,2026-08-31,2.000,12f1521d6718eade1244b92bc6b3467005ac906827dd3e0ec4250cdafccf409c,,
GCTLYW…WJTN3G,,GCTLYWVZCSINWS3LAGMMXYHR7J77D67WNZUQLVY3OTPCRCNHMCWJTN3G,2026-08-31,2.000,4e700e94cd714d64c0edbeb20a5989c321e655f8774a939ca14909f655fc96f2,,
GBGGND…A7MIFL,,GBGGNDZUKLXCB4XXLMGZ4SGKAB3L6TN62DS7L3S3PMV6G74L3KA7MIFL,2026-08-31,2.000,35ff4825321e030ea07dacfd48b282b4b216ab17e59a0b85691fa6aeb9dc44a8,,
GBEWUF…4DJGGH,,GBEWUF6CEVHGG4X7CECKBUGCPDC5BXNBBE4QZTEEKNAVJ3E2RJ4DJGGH,2026-08-31,2.000,8122db9c7fe366fdf90cedf553428166096af5ad3bc9c007b23c7e276eb0583c,,
GASDNX…DVA6VA,,GASDNXTNQWZX2NXPX2UOJFVYNXDJYYBH72U52XUSU2EMGZPWHMDVA6VA,2026-08-31,2.000,d43cd1bfc47abe081aa6f3d0566378c06e6e9c168212b3063419c44498e36924,,
GDBTUY…EP5C54,,GDBTUYUZ5RGLLF7DT7H4BXND5NXD65J3LMKCMYMHAGXQNDUZNTEP5C54,2026-08-31,2.000,2b74ae4686bda7c281ed00e857eaee61e7635b5420f9c46be433b881e6796089,,
GCEKIH…LN2NLW,,GCEKIHUBKS3SOD4NY5K4QTO4ZGRO77R5XWBVNNVE6ZBG7DIITSLN2NLW,2026-08-31,2.000,13271ca9de10ffae2499fa7e9dcfa032ef8eda9a0f1cfce771028f8fd0cdcfb5,,
GCC5F6…5DQHO3,,GCC5F6GPX2KA5E26ZBLUTL5ZVYVU7OVA54MPIWZE7UENGCJBPT5DQHO3,2026-08-31,2.000,ac3c0225d588df40c1c26770fdda20b8b2f254aec441fb4ee8120b9babdfa67d,,
GA2YSK…ZQ4VHM,,GA2YSKOIYOUSVDNNESCWCBEIKUANGK6E3AZ7YWNZ56WGSVJEVDZQ4VHM,2026-08-31,2.000,2fb7291e2805c31bdebab1ee9c211a1b2c67a98ebf3138631ff9d83ed5a18399,,
GA4ZJC…GJICJU,,GA4ZJC5HYRT6ENOJ2IGMMRC6VE53LKL32HMXOZNM6B3OIV7OSRGJICJU,2026-08-31,2.000,08c9f3fac945c4fc573d558260fcf1b015726028e1388983523e3d7010828be1,,
GANHDR…RWOX4X,,GANHDRNJNNHBF4EHPYGHYACATIVDYWX3HM2GB6IFWRMKCEA5PURWOX4X,2026-08-31,2.000,1784fe676092127c2594f19d49ab45e95b38c2e58700a089f00c252832282164,,
GCMQIJ…X3WASK,,GCMQIJY4FKF64JIIWEULZW6PAUKHVH7IJDRZXXPU3PBO3ZEP2AX3WASK,2026-08-31,2.000,2c82f2d9db9d83781a54f04e012488465fe5fadc33eb88df180a6128e4980339,,
GBV7FX…WQQJZJ,,GBV7FXW3VN5ONO32KWHXNDLRILD3JJ2PHU5UPIQSQT4NIKTGVNWQQJZJ,2026-08-31,2.000,889a41f97ae5a97958d55fea8f4115fab5e3c21639a9cbf82645ebc1dea5a168,,
GC56FR…GC2LDV,,GC56FR52QOXNCL7PZ2RSSJBGRP6QAF37D4TNCGGVYQIB7A23ZMGC2LDV,2026-08-31,2.000,182fb7876987c02131702e75f641a4d91e30d9381467420ee0a036c316f4aadd,,
GA4CYV…VVUM7K,,GA4CYVSKWU6O6EJD5WTFTMQXG3XHUSMRLEVEHWXW5K7A6DNV36VVUM7K,2026-08-31,2.000,85c087217ac7cabb82917535bf8ddb0d26dd1e1f09142ed5abefa2d705286162,,
GDUFDD…LZYFOS,,GDUFDD5S6UPYXAHGJIYAUWS42L6LOWB4QM22ZFMGXAIMU5JTMULZYFOS,2026-08-31,2.000,e7daf7338e0c8f5d4ab82ab8cd431bbcd58597acff291fdfff2182aa85aeb6c2,,
GAYZYD…G7UTV7,,GAYZYDUNZY3XDG6VHWZEV6MYGALXSDC4RNGHWCZFIEXAX6DDBSG7UTV7,2026-08-31,2.000,76bf26dad1d3dff18b8db787138dbb7cbbc09fc2d7a688d1e91966f5108d400e,,
GCYSO4…B3A2DM,,GCYSO42GFW6ERAXFNR5WF7TYQ23T65UVQQ75R7COHR4O6H3DMSB3A2DM,2026-08-31,2.000,508013c096645c33dc5db553d9e7c186c0cc83607f89ce7db09ecf7a318fc70a,,
GBL2JK…SNTPPF,,GBL2JKJ3PC6HHAQATHXWEKDLPRJT5243YSSARF5GOG23PFVWC5SNTPPF,2026-08-31,2.000,f5a5553452a3161ed5feef158119f44982bde9cfc7213d2aa4951f647d05694a,,
GCWB7O…EJSLZS,,GCWB7OH4MJYEJ45TSARVJDUDTMVDRTG4TIRKTG3LD7QMU2XLSREJSLZS,2026-08-31,2.000,2613921a46fa3efc44bbc8179d1f7c3d5170b906db4808c33cbfab1f4a3a3ced,,
GDPSLD…D4NPLM,,GDPSLDNF7LMUUCAS4Y2J4JMJAE6YSTBCVQX5VEN7W2EHYYYTDYD4NPLM,2026-08-31,2.000,74110eeda4c73a9fc62cd5146bc26bbcb0119255ff98b1e93e0b5fab61d85b13,,
GDBRNZ…CHODXP,,GDBRNZQ7YDTMGWZA4C22DZ4AM5KYCQXJIHWTYIGTYPAJ6XXKQACHODXP,2026-08-31,2.000,33cd31d5612c98c9f43e3d14072b18ed0f9eec50dea2341e30ae6011d79f22b8,,
GD4UW4…KQ3PJY,,GD4UW4WIUEYGDCY6DN4ZEZ5WYYTPP3L4WAR7TD2WUO5AHCYJR7KQ3PJY,2026-08-31,2.000,402d2f5f32a644187056dcb5c8bba8cdb49ff79d44b03e26f7b25bcc906844f6,,
GDAI7B…5LR2KX,,GDAI7BUAC5THDPMRZZWL4UMV4X2X5PY4PEVWT7RKSIWWBGXKTZ5LR2KX,2026-08-31,2.000,855d4e91222ba1400204cac4a3aed17836050f9e85046b54af8671e23065ae98,,
GCTOSJ…WFZ7UL,,GCTOSJ6K7ALTGPFVEXDPKJMF7CVMZJG5LE2CQGSJ42OK4U7IVXWFZ7UL,2026-08-31,2.000,09cac0cdfd67e904f651b923998bee584010e0211e63082edf0ef7f3d79d762e,,
GAHE5M…XOLPY3,,GAHE5MK5WY7SZHUNDLPZINIG4D2XG3C4NTMDPK3I73OYHHWZNAXOLPY3,2026-08-31,2.000,5b9d0f9edeacf34d44d798d3488a5702f82eb4ba1d7b8c0226a88f4b12f55e2f,,
